objective,target_return,exp_return,vol,sharpe
minvar,0.12,0.17709543132261368,0.20198254180004202,0.7777673749552795
