objective,rf,exp_return,vol,sharpe
maxsharpe,0.02,0.30695814559566803,0.27801810779680414,1.0321563148160044
